{"0.45": 0.9433736457545981, "0.452": 0.9433862433862433, "0.454": 0.9433484504913077, "0.456": 0.9433484504913077, "0.458": 0.9433862433862433, "0.46": 0.9434996220710506, "0.462": 0.9435878054925673, "0.464": 0.9436004031242127, "0.466": 0.9436633912824388, "0.468": 0.9436759889140842, "0.47000000000000003": 0.9437515747039557, "0.47200000000000003": 0.9438271604938272, "0.47400000000000003": 0.9437893675988913, "0.47600000000000003": 0.9438397581254724, "0.47800000000000004": 0.9439027462836987, "0.48000000000000004": 0.9440035273368607, "0.48200000000000004": 0.9440665154950869, "0.48400000000000004": 0.9441798941798942, "0.48600000000000004": 0.9441672965482489, "0.48800000000000004": 0.9441924918115395, "0.49000000000000005": 0.94421768707483, "0.49200000000000005": 0.9441546989166038, "0.49400000000000005": 0.9442050894431847, "0.49600000000000005": 0.9442050894431846, "0.49800000000000005": 0.9442050894431846}